[
  {
    "id": 1,
    "name": "user1",
    "img": "https://via.placeholder.com/160x160.png"
  },
  {
    "id": 2,
    "name": "user1",
    "img": "https://via.placeholder.com/160x160.png"
  },
  {
    "id": 3,
    "name": "user1",
    "img": "https://via.placeholder.com/160x160.png"
  },
  {
    "id": 4,
    "name": "user1",
    "img": "https://via.placeholder.com/160x160.png"
  },
  {
    "id": 5,
    "name": "user1",
    "img": "https://via.placeholder.com/160x160.png"
  },
  {
    "id": 6,
    "name": "user1",
    "img": "https://via.placeholder.com/160x160.png"
  }
]
