[
  {
    "id": 1,
    "title": "Galaxy M30",
    "img": "img/product-3.jpg",
    "price": [12, 23, 34],
    "models": ["Model 1", "Model 2", "Model 3"],
    "company": "SAMSUNG",
    "info": "Galaxy M20",
    "info1": "Samsung Galaxy M30 (Midnight Blue, 6GB RAM, 128GB Storage)48MP Main Camera +8MP Ultra Wide Video Camera +5MP Depth Camera",
    "inCart": false,
    "count": "0",
    "total": "0",
    "reviews": [
      { "userid": 345, "review": "Aman", "rating": 4 },
      { "userid": 345, "review": "Aman", "rating": 4 }
    ]
  },
  {
    "id": 2,
    "title": "OnePlus 7",
    "img": "img/op7.jpg",
    "price": [12, 23, 34],
    "models": ["Model 1", "Model 2", "Model 3"],
    "company": "ONEPLUS",
    "info": "this is a phone",
    "inCart": false,
    "count": 0,
    "total": 0,
    "reviews": [{ "userid": 345, "review": "Name", "rating": 4 }]
  },
  {
    "id": 3,
    "title": "Redmi-8 Dual",
    "img": "img/product-3.jpg",
    "price": [12, 23, 34],
    "models": ["Model 1", "Model 2", "Model 3"],
    "company": "Redmi",
    "info": "this is a phone",
    "inCart": false,
    "count": 0,
    "total": 0,
    "reviews": [{ "userid": 345, "review": "Name", "rating": 4 }]
  },
  {
    "id": 4,
    "title": "Note-8 Pro",
    "img": "img/product-4.jpg",
    "price": [12, 23, 34],
    "models": ["Model 1", "Model 2", "Model 3"],
    "company": "Redmi",
    "info": "this is a phone",
    "inCart": false,
    "count": 0,
    "total": 0,
    "reviews": [{ "userid": 345, "review": "Name", "rating": 4 }]
  },
  {
    "id": 5,
    "title": "Iphone-X",
    "img": "img/product-6.jpg",
    "price": [12, 23, 34],
    "models": ["Model 1", "Model 2", "Model 3"],
    "company": "APPLE",
    "info": "this is a phone",
    "inCart": false,
    "count": 0,
    "total": 0,
    "reviews": [{ "userid": 345, "review": "Name", "rating": 4 }]
  },
  {
    "id": 6,
    "title": "Iphone-11",
    "img": "img/product-6.jpg",
    "price": [12, 23, 34],
    "models": ["Model 1", "Model 2", "Model 3"],
    "company": "apple",
    "info": "this is a phone",
    "inCart": false,
    "count": 0,
    "total": 0,
    "reviews": [{ "userid": 345, "review": "Name", "rating": 4 }]
  },
  {
    "id": 7,
    "title": "Iphone XR",
    "img": "img/product-3.jpg",
    "price": [12, 23, 34],
    "models": ["Model 1", "Model 2", "Model 3"],
    "company": "apple",
    "info": "this is a phone",
    "inCart": false,
    "count": 0,
    "total": 0,
    "reviews": [{ "userid": 345, "review": "Name", "rating": 4 }]
  },
  {
    "id": 8,
    "title": "Honor 9X",
    "img": "img/product-8.jpg",
    "price": [12, 23, 34],
    "models": ["Model 1", "Model 2", "Model 3"],
    "company": "Huawei",
    "info": "this is a phone",
    "inCart": false,
    "count": 0,
    "total": 0,
    "reviews": [{ "userid": 345, "review": "asdfljkasdjf", "rating": 4 }]
  },
  {
    "id": 9,
    "title": "V19",
    "img": "img/product-4.jpg",
    "price": [12, 23, 34],
    "models": ["Model 1", "Model 2", "Model 3"],
    "company": "VIVO",
    "info": "this is a phone",
    "inCart": false,
    "count": 0,
    "total": 0,
    "reviews": [{ "userid": 345, "review": "asdfljkasdjf", "rating": 4 }]
  },
  {
    "id": 10,
    "title": "Y-195",
    "img": "img/product-10.jpg",
    "price": [12, 23, 34],
    "models": ["Model 1", "Model 2", "Model 3"],
    "company": "Vivo",
    "info": "this is a phone",
    "inCart": false,
    "count": 0,
    "total": 0,
    "reviews": [{ "userid": 345, "review": "asdfljkasdjf", "rating": 4 }]
  },
  {
    "id": 11,
    "title": "F15",
    "img": "img/product-11.jpg",
    "price": [12, 23, 34],
    "models": ["Model 1", "Model 2", "Model 3"],
    "company": "OPPO",
    "info": "this is a phone",
    "inCart": false,
    "count": 0,
    "total": 0,
    "reviews": [{ "userid": 345, "review": "asdfljkasdjf", "rating": 4 }]
  },
  {
    "id": 12,
    "title": "Reno 2F",
    "img": "img/product-12.jpg",
    "price": [12, 23, 34],
    "models": ["Model 1", "Model 2", "Model 3"],
    "company": "OPPO",
    "info": "this is a phone",
    "inCart": false,
    "count": 0,
    "total": 0,
    "reviews": [{ "userid": 345, "review": "asdfljkasdjf", "rating": 4 }]
  }
]
